name,naverURL
타셴 혜화,https://pcmap.place.naver.com/restaurant/11585285/review/visitor#
롤인익선 익선동,https://pcmap.place.naver.com/restaurant/1131121705/review/visitor#
라뚜셩트 대학로,https://pcmap.place.naver.com/restaurant/1561424368/review/visitor#
백스트리트피자 익선동,https://pcmap.place.naver.com/restaurant/1836194923/review/visitor#
하이디라오 대학로,https://pcmap.place.naver.com/restaurant/1583520034/review/visitor#
무던 혜화,https://pcmap.place.naver.com/restaurant/1912032850/review/visitor#
고다 안국,https://pcmap.place.naver.com/restaurant/1249078713/review/visitor#
호호식당 대학로,https://pcmap.place.naver.com/restaurant/85806567/review/visitor#
어니언 안국,https://pcmap.place.naver.com/restaurant/1240190178/review/visitor#
칸다소바 서촌,https://pcmap.place.naver.com/restaurant/1920065620/review/visitor#
토오베 안국,https://pcmap.place.naver.com/restaurant/1958472798/review/visitor#
청수당 익선동,https://pcmap.place.naver.com/restaurant/1262377225/review/visitor#
온 익선동,https://pcmap.place.naver.com/restaurant/1113085292/review/visitor#
오이지 혜화,https://pcmap.place.naver.com/restaurant/1791259060/review/visitor#
도토리브라더스 광화문,https://pcmap.place.naver.com/restaurant/1677615804/review/visitor#
온천집 익선동,https://pcmap.place.naver.com/restaurant/1113085292/review/visitor#
소친친 혜화,https://pcmap.place.naver.com/restaurant/36628482/review/visitor#
익선주택 익선동,https://pcmap.place.naver.com/restaurant/1473879047/review/visitor#
우와 혜화,https://pcmap.place.naver.com/restaurant/1400319959/review/visitor#
플롭 안국,https://pcmap.place.naver.com/restaurant/1136861239/review/visitor#
다운타우너 안국,https://pcmap.place.naver.com/restaurant/1778375429/review/visitor#
정돈 혜화,https://pcmap.place.naver.com/restaurant/37126807/review/visitor#
부촌육회 광장시장,https://pcmap.place.naver.com/restaurant/36428555/review/visitor#
카페랑솜 혜화,https://pcmap.place.naver.com/restaurant/1241138461/review/visitor#
오죽이네 익선동,https://pcmap.place.naver.com/restaurant/19418573/review/visitor#
메리그린 혜화,https://pcmap.place.naver.com/restaurant/1273177276/review/visitor#
미도인 대학로,https://pcmap.place.naver.com/restaurant/1747236582/review/visitor#
진심 서촌,https://pcmap.place.naver.com/restaurant/1739279755/review/visitor#
오제제 광화문,https://pcmap.place.naver.com/restaurant/1094455540/review/visitor#
살롱순라 익선동,https://pcmap.place.naver.com/restaurant/1266673496/review/visitor#
일월일일 혜화,https://pcmap.place.naver.com/restaurant/1839696543/review/visitor#
자매집 광장시장,https://pcmap.place.naver.com/restaurant/12795594/review/visitor#
동화 혜화,https://pcmap.place.naver.com/restaurant/1669566053/review/visitor#
PLOP 안국,https://pcmap.place.naver.com/restaurant/1136861239/review/visitor#
우육면관 종각,https://pcmap.place.naver.com/restaurant/1124361834/review/visitor#
낫컴플리트 혜화,https://pcmap.place.naver.com/restaurant/1141273055/review/visitor#
버거파크 대학로,https://pcmap.place.naver.com/restaurant/13158227/review/visitor#
고기공방 혜화,https://pcmap.place.naver.com/restaurant/1852121083/review/visitor#
덕후선생 광화문,https://pcmap.place.naver.com/restaurant/1175095587/review/visitor#
후라토식당 광화문,https://pcmap.place.naver.com/restaurant/676217924/review/visitor#
런던베이글뮤지엄 안국,https://pcmap.place.naver.com/restaurant/1466975947/review/visitor#
호랑이카레 종로,https://pcmap.place.naver.com/restaurant/70652938/review/visitor#
청화원 혜화,https://pcmap.place.naver.com/restaurant/1223341060/review/visitor#
고부기 혜화,https://pcmap.place.naver.com/restaurant/1610379824/review/visitor#
부부식당 혜화,https://pcmap.place.naver.com/restaurant/487146615/review/visitor#
단골손님 혜화,https://pcmap.place.naver.com/restaurant/1159737702/review/visitor#
혜화곱창,https://pcmap.place.naver.com/restaurant/1784269711/review/visitor#
땡스오트 안국,https://pcmap.place.naver.com/restaurant/1149305255/review/visitor#
플리퍼스 익선동,https://pcmap.place.naver.com/restaurant/1090005778/review/visitor#
하루 서촌,https://pcmap.place.naver.com/restaurant/1380669346/review/visitor#
감성타코 광화문,https://pcmap.place.naver.com/restaurant/38279564/review/visitor#
차알 광화문,https://pcmap.place.naver.com/restaurant/37256672/review/visitor#
담담31 혜화,https://pcmap.place.naver.com/restaurant/1556771738/review/visitor#
두두 혜화,https://pcmap.place.naver.com/restaurant/31592246/review/visitor#
파스타마켓 혜화,https://pcmap.place.naver.com/restaurant/1121062750/review/visitor#
라미스콘 익선동,https://pcmap.place.naver.com/restaurant/1277184396/review/visitor#
갓잇 안국,https://pcmap.place.naver.com/restaurant/1429118131/review/visitor#
갸우뚱 혜화,https://pcmap.place.naver.com/restaurant/1854089051/review/visitor#
로그 혜화,https://pcmap.place.naver.com/restaurant/1230031355/review/visitor#
맛의정원 혜화,https://pcmap.place.naver.com/restaurant/1732450326/review/visitor#
뚝감 광화문,https://pcmap.place.naver.com/restaurant/17902444/review/visitor#
홍콩익스프레스 광화문,https://pcmap.place.naver.com/restaurant/1269590484/review/visitor#
빠리가옥 익선동,https://pcmap.place.naver.com/restaurant/310755957/review/visitor#
결 광화문,https://pcmap.place.naver.com/restaurant/1084312804/review/visitor#
백제정육점 종로,https://pcmap.place.naver.com/restaurant/11728126/review/visitor#
키햐아 혜화,https://pcmap.place.naver.com/restaurant/1348614716/review/visitor#
핏제리아오 혜화,https://pcmap.place.naver.com/restaurant/33646740/review/visitor#
법원 안국,https://pcmap.place.naver.com/restaurant/1348865017/review/visitor#
돈부리파스타 익선동,https://pcmap.place.naver.com/restaurant/1862089772/review/visitor#
불난집 혜화,https://pcmap.place.naver.com/restaurant/1739617212/review/visitor#
센꼬치 혜화,https://pcmap.place.naver.com/restaurant/38571707/review/visitor#
창신육회 광장시장,https://pcmap.place.naver.com/restaurant/19878437/review/visitor#
소소하게 안국,https://pcmap.place.naver.com/restaurant/1859749227/review/visitor#
일월카츠 안국,https://pcmap.place.naver.com/restaurant/1965419438/review/visitor#
끼룩하우스 익선동,https://pcmap.place.naver.com/restaurant/1108728134/review/visitor#
도마유즈라멘 안국,https://pcmap.place.naver.com/restaurant/1557353265/review/visitor#
어텐디 안국,https://pcmap.place.naver.com/restaurant/1485671443/review/visitor#
르블란서 종로,https://pcmap.place.naver.com/restaurant/808382616/review/visitor#
북촌도담 안국,https://pcmap.place.naver.com/restaurant/1393475011/review/visitor#
익선애뜻 익선동,https://pcmap.place.naver.com/restaurant/1573446526/review/visitor#
마음을담아내면 안국,https://pcmap.place.naver.com/restaurant/1645287357/review/visitor#
학림 혜화,https://pcmap.place.naver.com/restaurant/11716359/review/visitor#
익선디미방 익선동,https://pcmap.place.naver.com/restaurant/1021505576/review/visitor#
미진 광화문,https://pcmap.place.naver.com/restaurant/11680222/review/visitor#
온달집 종각,https://pcmap.place.naver.com/restaurant/1134390165/review/visitor#
화양연화 안국,https://pcmap.place.naver.com/restaurant/36276297/review/visitor#
수와래 종로,https://pcmap.place.naver.com/restaurant/36763051/review/visitor#
리본윈도우 혜화,https://pcmap.place.naver.com/restaurant/1577816531/review/visitor#
유캔하이 혜화,https://pcmap.place.naver.com/restaurant/1237664708/review/visitor#
도담 혜화,https://pcmap.place.naver.com/restaurant/1638640485/review/visitor#
서양집 혜화,https://pcmap.place.naver.com/restaurant/717158780/review/visitor#
촌놈 혜화,https://pcmap.place.naver.com/restaurant/11867483/review/visitor#
샤오바오우육면 종각,https://pcmap.place.naver.com/restaurant/1274897924/review/visitor#
포비 광화문,https://pcmap.place.naver.com/restaurant/37197875/review/visitor#
멜팅샵X치즈룸 광화문,https://pcmap.place.naver.com/restaurant/36734851/review/visitor#
후와후와 광화문,https://pcmap.place.naver.com/restaurant/1147194464/review/visitor#
서울집시 종로,https://pcmap.place.naver.com/restaurant/1311007811/review/visitor#
부빙 종로,https://pcmap.place.naver.com/restaurant/1229716585/review/visitor#
칠린 혜화,https://pcmap.place.naver.com/restaurant/1267097142/review/visitor#
한옥찻집 인사동,https://pcmap.place.naver.com/restaurant/1764065667/review/visitor#
혜화동버거,https://pcmap.place.naver.com/restaurant/86831118/review/visitor#
